coefficient,estimate,std_error,z_value,p_value,min_time,max_time
pts_diff,0.0469676793482394,0.004180177925378777,11.235808663331845,2.7199191510263214e-29,2780,2880
favored_by,0.12075195717574698,0.0014733648242777747,81.95659023890305,0,2780,2880
pts_diff,0.04976253977435648,0.0037815133459085776,13.159424606605514,1.5022552987436162e-39,2770,2870
favored_by,0.12176740481810992,0.0014623763177001624,83.26680577651179,0,2770,2870
pts_diff,0.048300746745784495,0.003468405797523269,13.92592146520896,4.4081928918319776e-44,2760,2860
favored_by,0.12105479903730762,0.0014426658547471445,83.91049017967147,0,2760,2860
pts_diff,0.048953068120367114,0.003215898517221214,15.222205507487956,2.5189394004925962e-52,2750,2850
favored_by,0.12147880984947566,0.0014279978299576545,85.0693238469963,0,2750,2850
pts_diff,0.05178863262217099,0.0030033905492546256,17.24338935375014,1.2546069576040229e-66,2740,2840
favored_by,0.12254492853720823,0.00142184785899172,86.1870894007668,0,2740,2840
pts_diff,0.05542572103143586,0.0028373891905699605,19.534056595282305,5.637805246114909e-85,2730,2830
favored_by,0.12320545109555317,0.00141932267286887,86.80580776358528,0,2730,2830
pts_diff,0.05548404905252135,0.00269014037283585,20.62496426312209,1.638518747563475e-94,2720,2820
favored_by,0.12409193429964376,0.001416312566800719,87.61620648466928,0,2720,2820
pts_diff,0.05796488728239567,0.002564864986580352,22.599586171464836,4.374518925748819e-113,2710,2810
favored_by,0.12292599008552017,0.0014131382469209839,86.98794357406818,0,2710,2810
pts_diff,0.06319740387290733,0.0024588017912000365,25.702520674536913,1.0954502947226133e-145,2700,2800
favored_by,0.12394966395549634,0.001416217556384805,87.52162645964091,0,2700,2800
pts_diff,0.06166135291598971,0.0023487878022462497,26.252415333994936,6.7078843054861395e-152,2690,2790
favored_by,0.12360701213918834,0.0014152830783512767,87.33730659959801,0,2690,2790
pts_diff,0.06295310344347659,0.002263031053681004,27.818046659624155,2.6243714116798487e-170,2680,2780
favored_by,0.12301190419186848,0.0014125103968499787,87.08743274824437,0,2680,2780
pts_diff,0.059922355552125287,0.0021756307403239254,27.542521091241596,5.4392446310808005e-167,2670,2770
favored_by,0.1217108079935009,0.0014066282100914794,86.52663661962637,0,2670,2770
pts_diff,0.06289633359846086,0.002108843993291008,29.825029162212445,1.850860244306468e-195,2660,2760
favored_by,0.12225587110263522,0.0014075128409286113,86.85950674665,0,2660,2760
pts_diff,0.06281696367178098,0.002036708742379767,30.842389176561046,7.085635117135363e-209,2650,2750
favored_by,0.12029692716797019,0.0014014288940437274,85.83876619017153,0,2650,2750
pts_diff,0.06395240781975167,0.0019837406169114493,32.23829127384671,5.13347557411895e-228,2640,2740
favored_by,0.11958842140596096,0.001401883219549262,85.30555165958218,0,2640,2740
pts_diff,0.06600436949647576,0.0019350215407900866,34.11040554593805,5.170989168363934e-255,2630,2730
favored_by,0.11804506697442307,0.0013983152967128598,84.41949197861297,0,2630,2730
pts_diff,0.06685775702240472,0.0018839085835086298,35.48885418733401,7.303089269393262e-276,2620,2720
favored_by,0.11874014288556332,0.001399596917568503,84.83881422934871,0,2620,2720
pts_diff,0.06693761961137526,0.0018391126049977027,36.39669448704522,4.801697046149306e-290,2610,2710
favored_by,0.1191482910643382,0.0014008595353731282,85.05370314133764,0,2610,2710
pts_diff,0.06660061634835776,0.0017865696116742252,37.278489409626296,3.662169823417422e-304,2600,2700
favored_by,0.11795842723645229,0.0013921365623987313,84.73193681028185,0,2600,2700
pts_diff,0.06814029945290839,0.0017456380178019336,39.03461012994496,0,2590,2690
favored_by,0.11765823469655502,0.00138782567327138,84.77882846713108,0,2590,2690
pts_diff,0.06729149170641877,0.0017016240240436786,39.54545231825634,0,2580,2680
favored_by,0.11664593322611934,0.0013747759364965782,84.84723228672084,0,2580,2680
pts_diff,0.07052144768275209,0.001673878430471958,42.13056718991727,0,2570,2670
favored_by,0.11627940362208346,0.0013684094008469818,84.97413387405254,0,2570,2670
pts_diff,0.06921230967732968,0.0016401735958220332,42.19816112979272,0,2560,2660
favored_by,0.11692593920496737,0.0013687732307636339,85.42389387593063,0,2560,2660
pts_diff,0.07105391451088525,0.0016031368942375033,44.321801067824886,0,2550,2650
favored_by,0.1182046496625631,0.001364987387537162,86.59761309284988,0,2550,2650
pts_diff,0.07044536647911953,0.0015665413695807292,44.96872399735834,0,2540,2640
favored_by,0.1175470345390224,0.001355094258951985,86.74454471523774,0,2540,2640
pts_diff,0.07218405010218329,0.0015306117463528613,47.16026142761762,0,2530,2630
favored_by,0.1173616624360845,0.0013460551563597275,87.18934129971126,0,2530,2630
pts_diff,0.07285197257886059,0.0014993546274721813,48.58888700779514,0,2520,2620
favored_by,0.11653194145746308,0.0013367332868946108,87.17665864981977,0,2520,2620
pts_diff,0.07510955391326057,0.0014726180708898552,51.00409630847075,0,2510,2610
favored_by,0.11492787708460574,0.001328698166365533,86.49660245936425,0,2510,2610
pts_diff,0.07465688802401478,0.0014489078789947402,51.52631792975832,0,2500,2600
favored_by,0.11448018424596096,0.0013224820486995874,86.56464135640307,0,2500,2600
pts_diff,0.07494381102793417,0.0014319371168325184,52.33736184848103,0,2490,2590
favored_by,0.11305117102676744,0.0013172342863366612,85.82464957025391,0,2490,2590
pts_diff,0.07653753828686678,0.0014098887696023452,54.28622451433099,0,2480,2580
favored_by,0.11364481579591067,0.00131878139778487,86.17411193909585,0,2480,2580
pts_diff,0.07713333495997245,0.0013941761912739795,55.32538530118567,0,2470,2570
favored_by,0.1140649689180091,0.0013188572418389285,86.48772990696426,0,2470,2570
pts_diff,0.07932768510316765,0.0013756985955291103,57.663564796078944,0,2460,2560
favored_by,0.11176908736290078,0.0013116433671565813,85.21301609994572,0,2460,2560
pts_diff,0.07747659207532814,0.0013552229468987828,57.16889036790684,0,2450,2550
favored_by,0.11169002563226003,0.0013029111026082228,85.72344299520834,0,2450,2550
pts_diff,0.07753711055567664,0.0013353873095602843,58.063387303873675,0,2440,2540
favored_by,0.11202884749061556,0.0013009733719637202,86.1115607012898,0,2440,2540
pts_diff,0.07743688278699393,0.001322652640545446,58.54665118655786,0,2430,2530
favored_by,0.11201791777355297,0.0012992253675738984,86.21900446935472,0,2430,2530
pts_diff,0.0762352412643671,0.0013092756620180616,58.22703612076723,0,2420,2520
favored_by,0.1120428152989172,0.0012944449506918276,86.55664749515607,0,2420,2520
pts_diff,0.07658798572151745,0.0012899253893361227,59.37396562210042,0,2410,2510
favored_by,0.11145867772143127,0.0012871361376462177,86.59431932760077,0,2410,2510
pts_diff,0.07721742780695627,0.0012767526632912853,60.4795509945527,0,2400,2500
favored_by,0.1118529325035646,0.0012806974054765572,87.33751784399318,0,2400,2500
pts_diff,0.07705918478862113,0.0012648357132077404,60.92426390554067,0,2390,2490
favored_by,0.11282690688298076,0.0012792761130157515,88.1958990205827,0,2390,2490
pts_diff,0.07633106674554722,0.001248441874384947,61.14106576499785,0,2380,2480
favored_by,0.11283814821727965,0.0012746737459038901,88.5231602046251,0,2380,2480
pts_diff,0.07674633797977291,0.0012288082195274308,62.45591196426702,0,2370,2470
favored_by,0.1128097308777489,0.0012705700266737,88.7867087287429,0,2370,2470
pts_diff,0.07641691961231055,0.001216275759737745,62.82861349533732,0,2360,2460
favored_by,0.11394413298165851,0.0012696730762253204,89.7428913909155,0,2360,2460
pts_diff,0.07825143948200905,0.0012101743232395656,64.66129546736254,0,2350,2450
favored_by,0.11358608248812588,0.0012706000508458778,89.39562249545646,0,2350,2450
pts_diff,0.07905005767128777,0.001201215716717655,65.8083777718906,0,2340,2440
favored_by,0.11123400378067017,0.001266306986845131,87.84126198166041,0,2340,2440
pts_diff,0.08152649534349282,0.001189234323396098,68.5537692106611,0,2330,2430
favored_by,0.11097386579785479,0.00126245162630034,87.90345981260897,0,2330,2430
pts_diff,0.08273667120796835,0.001179972462044845,70.11745940628904,0,2320,2420
favored_by,0.11067627474908898,0.0012616909357978368,87.72059115975361,0,2320,2420
pts_diff,0.08293038361374787,0.0011710475723227377,70.81726274301388,0,2310,2410
favored_by,0.11068457655611648,0.0012624260458834228,87.67608757522221,0,2310,2410
pts_diff,0.08231253847482567,0.0011605227505709214,70.9271217943223,0,2300,2400
favored_by,0.11163253224377047,0.001267710341979261,88.05839042811621,0,2300,2400
pts_diff,0.08425902993411265,0.0011562019661114319,72.87570199996699,0,2290,2390
favored_by,0.1123144907194068,0.001273518711728748,88.19225794251945,0,2290,2390
pts_diff,0.08495204197105352,0.0011553954945775536,73.52637462215003,0,2280,2380
favored_by,0.11088341805169424,0.0012802450817904637,86.61108691518677,0,2280,2380
pts_diff,0.08434592325506346,0.0011523774341517484,73.19296677928227,0,2270,2370
favored_by,0.11043641478031577,0.0012855979106538714,85.90276467091208,0,2270,2370
pts_diff,0.08613671163838948,0.0011554268032831563,74.54969141587438,0,2260,2360
favored_by,0.11096055464340547,0.0012911323642814847,85.9404951134929,0,2260,2360
pts_diff,0.08756504300468551,0.0011588293006805622,75.56336636747099,0,2250,2350
favored_by,0.11160101302537999,0.0013016048227029624,85.7410875242649,0,2250,2350
pts_diff,0.08721245130044547,0.0011525996139827098,75.66586891270099,0,2240,2340
favored_by,0.1122569019877227,0.0013046741544536346,86.04209840788417,0,2240,2340
pts_diff,0.08668873919874051,0.0011555648950968217,75.0184949080485,0,2230,2330
favored_by,0.11251291138882018,0.0013175238285236977,85.39724971417962,0,2230,2330
pts_diff,0.08713691578561157,0.0011564922711311014,75.34586954082084,0,2220,2320
favored_by,0.11308742069086189,0.0013305346518243592,84.99396880479765,0,2220,2320
pts_diff,0.08777168627832006,0.0011581151423921607,75.78839362813446,0,2210,2310
favored_by,0.11361484028964576,0.0013422317642272136,84.64621633735453,0,2210,2310
pts_diff,0.08935921735633719,0.0011555936710600215,77.32754132719361,0,2200,2300
favored_by,0.11323473166728945,0.001345128163415129,84.18137003376631,0,2200,2300
pts_diff,0.09000746286099617,0.0011485229025174294,78.36801744545993,0,2190,2290
favored_by,0.1141274091422736,0.0013432698184882117,84.96238623951123,0,2190,2290
pts_diff,0.09017922322164294,0.0011425434219892688,78.92848664310102,0,2180,2280
favored_by,0.11588976693461357,0.0013493931493462677,85.88287778899573,0,2180,2280
pts_diff,0.09306162144984716,0.0011713665716934414,79.44705244175462,0,2170,2270
favored_by,0.11651388473886458,0.001385585163115474,84.09002047689678,0,2170,2270
pts_diff,0.0935700025379897,0.0010104900031441871,92.598642487152,0,2160,2260
favored_by,0.11481492912382658,0.0012109794406137844,94.81162542745787,0,2160,2260
pts_diff,0.09331449290179161,0.0010438177682332267,89.39730261512638,0,2150,2250
favored_by,0.11465492636850987,0.001256926440906439,91.21848553510091,0,2150,2250
pts_diff,0.09386392886275788,0.0010470131392542705,89.64923680863447,0,2140,2240
favored_by,0.11539036306741772,0.0012655254586998368,91.17980383102395,0,2140,2240
pts_diff,0.0938738346606954,0.0010514234107544052,89.28261792586503,0,2130,2230
favored_by,0.11578259397570709,0.0012786311873335485,90.55198647012479,0,2130,2230
pts_diff,0.09503778676410769,0.001057653915817158,89.85716910118012,0,2120,2220
favored_by,0.11652482695249675,0.0012863432771447081,90.58610483132195,0,2120,2220
pts_diff,0.09494361760586047,0.0010625662738913623,89.35312548379225,0,2110,2210
favored_by,0.11651197890803708,0.0012947184099740684,89.99020791738852,0,2110,2210
pts_diff,0.0958843916420722,0.0010685782346439993,89.7308110285593,0,2100,2200
favored_by,0.11598150618195145,0.0013063078222774155,88.78573962739459,0,2100,2200
pts_diff,0.09614995777928406,0.0010767662831487896,89.29510450319131,0,2090,2190
favored_by,0.11418296942218353,0.0013130791525918094,86.95817704272017,0,2090,2190
pts_diff,0.09740804876326677,0.0010840434338841513,89.85622320892772,0,2080,2180
favored_by,0.11364284898117145,0.0013222860918018508,85.94422166712258,0,2080,2180
pts_diff,0.09768488015208517,0.0010644065123010407,91.77403465984943,0,2070,2170
favored_by,0.11360091701018978,0.0013009445836459584,87.32187245963841,0,2070,2170
pts_diff,0.09913367868663826,0.0010916306659637168,90.81247144987518,0,2060,2160
favored_by,0.11351415378654095,0.0013326831805469306,85.17714896045658,0,2060,2160
pts_diff,0.0980131795969519,0.0011854005288695964,82.68359698676508,0,2050,2150
favored_by,0.11186828001198187,0.0014571547141327362,76.77172432480047,0,2050,2150
pts_diff,0.09796222446402776,0.0011754028397270705,83.34353223680715,0,2040,2140
favored_by,0.11104029545029503,0.0014474774937734865,76.71296854559009,0,2040,2140
pts_diff,0.10011408228798514,0.0011683161144639747,85.69091964799068,0,2030,2130
favored_by,0.11098099338660895,0.0014390890264643938,77.11892130764912,0,2030,2130
pts_diff,0.10024885992574943,0.0011579691913282762,86.57299406278382,0,2020,2120
favored_by,0.11106929819416163,0.0014312648666754996,77.60219703579405,0,2020,2120
pts_diff,0.1014963162511852,0.0011526697315768113,88.05325018150849,0,2010,2110
favored_by,0.11068167778594433,0.0014208880640589302,77.89612748928961,0,2010,2110
pts_diff,0.10181051720927553,0.0011416995429573444,89.17452742913056,0,2000,2100
favored_by,0.11055748552203822,0.0014149395479394321,78.1358367451404,0,2000,2100
pts_diff,0.10175188233248625,0.001130244540299909,90.02643118761407,0,1990,2090
favored_by,0.11069499499543697,0.001409800122686689,78.51821915328176,0,1990,2090
pts_diff,0.10305959363578486,0.0011271055774947857,91.43739122013318,0,1980,2080
favored_by,0.10932523602459486,0.001398804205829894,78.15621054680308,0,1980,2080
pts_diff,0.10337211358286935,0.0011222824983945078,92.10881728152167,0,1970,2070
favored_by,0.10932380097134893,0.0013935760937751347,78.44839005180958,0,1970,2070
pts_diff,0.10315922343908852,0.0011114518344414511,92.81483933213367,0,1960,2060
favored_by,0.11029902546863168,0.0013878100050004568,79.47703581269064,0,1960,2060
pts_diff,0.10568776409360868,0.0011121984724884557,95.02599284922654,0,1950,2050
favored_by,0.11000988170137814,0.0013852434903954154,79.41555579515916,0,1950,2050
pts_diff,0.10617697185613156,0.0011060848202541478,95.99351687308666,0,1940,2040
favored_by,0.1099818534468306,0.0013806063042481427,79.66199568147348,0,1940,2040
pts_diff,0.10695752261536184,0.001098336859111779,97.38134683184356,0,1930,2030
favored_by,0.10815611599244182,0.0013681362057963444,79.0536172745227,0,1930,2030
pts_diff,0.10654858431727521,0.0010850077478310634,98.20075896256633,0,1920,2020
favored_by,0.10810007766731893,0.0013588654629362019,79.55171473247913,0,1920,2020
pts_diff,0.1057288275449314,0.0010716934217325288,98.65585194505282,0,1910,2010
favored_by,0.10790657098104167,0.0013528413097767596,79.76291838608032,0,1910,2010
pts_diff,0.10600513086435703,0.0010685549908715168,99.20418861915466,0,1900,2000
favored_by,0.10767708481238619,0.0013466864537424281,79.95705645746466,0,1900,2000
pts_diff,0.10519694522168187,0.0010600221673185515,99.24032578279915,0,1890,1990
favored_by,0.10870894309215162,0.001342852202110386,80.953766111645,0,1890,1990
pts_diff,0.10521108531158349,0.0010499777887834514,100.2031532814475,0,1880,1980
favored_by,0.10821167385988952,0.0013376328068282683,80.89789163924286,0,1880,1980
pts_diff,0.10564047372522685,0.0010439332237690924,101.19466582720186,0,1870,1970
favored_by,0.10640080504027392,0.001329151271056585,80.0516896437924,0,1870,1970
pts_diff,0.1055048042388395,0.001038516067271249,101.59188438562963,0,1860,1960
favored_by,0.10534179437102462,0.0013236742854449925,79.58286681954453,0,1860,1960
pts_diff,0.10501601190458457,0.0010286956811414044,102.08656829205553,0,1850,1950
favored_by,0.10633607565783673,0.0013196859198300428,80.5768054807551,0,1850,1950
pts_diff,0.10496083815402851,0.0010231738457825992,102.5835820439162,0,1840,1940
favored_by,0.10547438915947424,0.0013185525889107899,79.99255399180016,0,1840,1940
pts_diff,0.10443749792018969,0.001021254152642748,102.26396401907577,0,1830,1930
favored_by,0.1073739697884525,0.001327545512312268,80.88157339437096,0,1830,1930
pts_diff,0.10516903044284932,0.0010224597112066303,102.85885036852622,0,1820,1920
favored_by,0.10600095052924237,0.0013318775896449468,79.58760726464375,0,1820,1920
pts_diff,0.10602004414048428,0.0010269067587826116,103.24213297239378,0,1810,1910
favored_by,0.1053374530612044,0.0013395928797945557,78.63393024107391,0,1810,1910
pts_diff,0.10582070765031264,0.0010233884870740038,103.40228465229985,0,1800,1900
favored_by,0.10614879147535103,0.001344505448869185,78.950064177597,0,1800,1900
pts_diff,0.10801543767261412,0.0010321028018263844,104.65569658513918,0,1790,1890
favored_by,0.10619220474378797,0.0013521985599098758,78.5329964786131,0,1790,1890
pts_diff,0.10786607100824394,0.0010320791599639932,104.51336989694389,0,1780,1880
favored_by,0.10618740911645651,0.0013612307297416843,78.00838373418685,0,1780,1880
pts_diff,0.10763307074871711,0.001029437831987803,104.55519255677827,0,1770,1870
favored_by,0.10642818942001589,0.0013656709091220988,77.93106575612104,0,1770,1870
pts_diff,0.10788756790118946,0.0010293427186940027,104.81209605103514,0,1760,1860
favored_by,0.10706142144170064,0.001372124560889028,78.02602219461279,0,1760,1860
pts_diff,0.10897178792316313,0.0010401264996677253,104.76782195047893,0,1750,1850
favored_by,0.1065913491651922,0.0013833540216061791,77.05283499406141,0,1750,1850
pts_diff,0.1087031510738105,0.0010396001502341618,104.56246187471785,0,1740,1840
favored_by,0.10634195227815363,0.0013852368105454634,76.76806699663103,0,1740,1840
pts_diff,0.1097433655058121,0.0010418356176109457,105.33654604501507,0,1730,1830
favored_by,0.10622744596536154,0.0013894918093073725,76.45057369450296,0,1730,1830
pts_diff,0.10990216057641597,0.0010450518545528137,105.16431323251803,0,1720,1820
favored_by,0.10665396287845871,0.0013935649868654831,76.53318207883025,0,1720,1820
pts_diff,0.11068719502698314,0.0010465225809236707,105.76665716022063,0,1710,1810
favored_by,0.108140903852397,0.0013965898224565121,77.43211508027753,0,1710,1810
pts_diff,0.11125555606043072,0.0010499910795441771,105.95857262780657,0,1700,1800
favored_by,0.10674503004524931,0.00139912720145447,76.29401382110358,0,1700,1800
pts_diff,0.11092393551532294,0.001043241851403035,106.32619403271022,0,1690,1790
favored_by,0.10495123519833116,0.0013977600811089037,75.0853001289526,0,1690,1790
pts_diff,0.11103076694273777,0.0010470988177085556,106.03656986808052,0,1680,1780
favored_by,0.10287814401718404,0.0013949326880940717,73.7513321576461,0,1680,1780
pts_diff,0.1128586560623285,0.0010578706629475704,106.68473946320407,0,1670,1770
favored_by,0.10330049337071164,0.0014064412766148122,73.44813828228035,0,1670,1770
pts_diff,0.1133291371276973,0.0010599941971679353,106.91486560066754,0,1660,1760
favored_by,0.10413993926329343,0.0014113673429605503,73.78655867496877,0,1660,1760
pts_diff,0.11269165049407145,0.001055295095059588,106.78686087108956,0,1650,1750
favored_by,0.10403750283086663,0.0014140189651762275,73.57574784571617,0,1650,1750
pts_diff,0.11307181502921007,0.0010538125585237634,107.29784354402369,0,1640,1740
favored_by,0.10471602528136617,0.001413701574376652,74.07222795768544,0,1640,1740
pts_diff,0.11510095297374073,0.0010636324780317296,108.2149664955108,0,1630,1730
favored_by,0.10475647697163984,0.0014202207287038015,73.76070131524439,0,1630,1730
pts_diff,0.1144405108908905,0.001056765917715372,108.29315080325456,0,1620,1720
favored_by,0.10552474308253461,0.0014243462685105943,74.08643910225521,0,1620,1720
pts_diff,0.11446802088776296,0.0010529777744331117,108.70886705029339,0,1610,1710
favored_by,0.10357662486613067,0.0014201962834309253,72.93120399942828,0,1610,1710
pts_diff,0.11622585313935259,0.0010615936783618617,109.48242770124625,0,1600,1700
favored_by,0.10279044998653071,0.0014227091860304485,72.24979707436205,0,1600,1700
pts_diff,0.11600152931314664,0.0010603065489111648,109.40376576214615,0,1590,1690
favored_by,0.10246446832723774,0.0014272057621896644,71.79376025642827,0,1590,1690
pts_diff,0.11662339097185624,0.0010618230319744016,109.83317131010189,0,1580,1680
favored_by,0.10323113346436004,0.0014311550528188243,72.13134122751721,0,1580,1680
pts_diff,0.11645391744088733,0.0010586240282134845,110.00498225740535,0,1570,1670
favored_by,0.10182788522605,0.001430826292227179,71.16718904259716,0,1570,1670
pts_diff,0.11615676328973193,0.0010566901698696586,109.92509119684507,0,1560,1660
favored_by,0.09922018700753081,0.0014303689070747974,69.36685110867161,0,1560,1660
pts_diff,0.1178247153850471,0.0010638169902308762,110.75656477292776,0,1550,1650
favored_by,0.09940103015634454,0.0014380366541570644,69.1227374969872,0,1550,1650
pts_diff,0.11719793853125532,0.0010619504839497846,110.3610199369683,0,1540,1640
favored_by,0.09854238794265174,0.0014424721060320226,68.31493484731837,0,1540,1640
pts_diff,0.116929455168482,0.001064398418828606,109.85496887261957,0,1530,1630
favored_by,0.09824951340003636,0.0014508076206841193,67.72056611731017,0,1530,1630
pts_diff,0.11716746445694948,0.0010677216306080152,109.7359659092308,0,1520,1620
favored_by,0.09681038589363987,0.0014488265817016153,66.81985761190147,0,1520,1620
pts_diff,0.11785496525151073,0.0010729554878755449,109.84143012760383,0,1510,1610
favored_by,0.0978034839502217,0.0014601579445298809,66.98144150543314,0,1510,1610
pts_diff,0.11710972369743676,0.0010671642634175436,109.73917297642478,0,1500,1600
favored_by,0.09739861170525214,0.0014610606586989096,66.66294867728946,0,1500,1600
pts_diff,0.11745321776235641,0.0010665615170557697,110.12324735528112,0,1490,1590
favored_by,0.09958673592941544,0.0014677148057597876,67.85155776762957,0,1490,1590
pts_diff,0.11738751157371308,0.0010646944555653475,110.25464719958637,0,1480,1580
favored_by,0.10009130829703532,0.0014665914862262578,68.2475721678871,0,1480,1580
pts_diff,0.11800935008080636,0.0010493877275863164,112.45543184713831,0,1470,1570
favored_by,0.10270563596545589,0.0014545561357149415,70.60960621844556,0,1470,1570
pts_diff,0.11992021166114028,0.0010573745922769348,113.41317687888251,0,1460,1560
favored_by,0.10061308333425704,0.0014559559403745945,69.10448355214024,0,1460,1560
pts_diff,0.11929990576780786,0.0010727332560664183,111.21115626196398,0,1450,1550
favored_by,0.09999550403299441,0.0014833190276858919,67.41334949973384,0,1450,1550
pts_diff,0.12042070801064365,9.177976267692369e-4,131.20616625970118,0,1440,1540
favored_by,0.09990399630406545,0.0012650727372823093,78.97095033340459,0,1440,1540
pts_diff,0.12024654496727771,9.466556506777022e-4,127.02247631564266,0,1430,1530
favored_by,0.09929217805706088,0.0013056879750113265,76.04587003736444,0,1430,1530
pts_diff,0.12050075651140564,9.513264539573238e-4,126.6660419356017,0,1420,1520
favored_by,0.09928112202836124,0.0013148051781271962,75.5101392053969,0,1420,1520
pts_diff,0.12078362679843119,9.648608599267878e-4,125.18242973147038,0,1410,1510
favored_by,0.09972539288951163,0.00133062391852592,74.94634021007869,0,1410,1510
pts_diff,0.12065888886276897,9.695249056771448e-4,124.45156195187916,0,1400,1500
favored_by,0.1002483033817075,0.001338277680848533,74.90844748912289,0,1400,1500
pts_diff,0.12136293675109235,9.810577860856799e-4,123.70620617091073,0,1390,1490
favored_by,0.09851633254316539,0.001348518282259356,73.0552442923559,0,1390,1490
pts_diff,0.1216344961950338,9.88487609853496e-4,123.0511085647915,0,1380,1480
favored_by,0.0975951222588694,0.0013611344227183705,71.70131078160428,0,1380,1480
pts_diff,0.1224411785516644,0.0010080711971768048,121.46084412943459,0,1370,1470
favored_by,0.09591340872369913,0.0013806157558221494,69.47147192781615,0,1370,1470
pts_diff,0.12156854503076843,0.0010136262760613813,119.9342873224872,0,1360,1460
favored_by,0.09659135346250049,0.0013952786073121424,69.22728762291682,0,1360,1460
pts_diff,0.12210721971269987,0.001005142695179523,121.48247238755586,0,1350,1450
favored_by,0.0969483742278264,0.00138353699112128,70.0728457930533,0,1350,1450
pts_diff,0.12374723310193914,0.0010400769733137124,118.97891817340904,0,1340,1440
favored_by,0.09405177130228372,0.0014284415659216762,65.84222522368181,0,1340,1440
pts_diff,0.12533731563587935,0.001193363265568081,105.02863566544809,0,1330,1430
favored_by,0.09350051109297959,0.001636564011862595,57.132205288179,0,1330,1430
pts_diff,0.12562573805995916,0.0011890683756829662,105.65055856254136,0,1320,1420
favored_by,0.09425104859271906,0.001633263882110929,57.70717740412119,0,1320,1420
pts_diff,0.1269614436796124,0.0011822319751281772,107.39131266166886,0,1310,1410
favored_by,0.09291793793009856,0.0016195763589605498,57.371754913571124,0,1310,1410
pts_diff,0.12806181477730635,0.0011798272588519427,108.5428513509001,0,1300,1400
favored_by,0.09114192278826252,0.0016141657000485012,56.46379599413118,0,1300,1400
pts_diff,0.1270981223851236,0.0011693478161021197,108.69146085960114,0,1290,1390
favored_by,0.09027924016282686,0.0016037842785680961,56.29138617285282,0,1290,1390
pts_diff,0.12835499016631594,0.0011756746411916543,109.17560494136062,0,1280,1380
favored_by,0.09031534120106792,0.001609043495142245,56.12983208579065,0,1280,1380
pts_diff,0.12787155808416553,0.0011686892906716737,109.41450315735733,0,1270,1370
favored_by,0.088711766576879,0.0016007632295260811,55.418418502243355,0,1270,1370
pts_diff,0.12820498775988146,0.0011663273976486954,109.921955034531,0,1260,1360
favored_by,0.09053545304400318,0.0016034686218911467,56.46225427051062,0,1260,1360
pts_diff,0.12948238491587846,0.001164864147552862,111.15664018666392,0,1250,1350
favored_by,0.08904247389328852,0.0015975916319134116,55.73544084394313,0,1250,1350
pts_diff,0.12957679664061672,0.0011626741806132668,111.44721264238434,0,1240,1340
favored_by,0.08943662160384448,0.0015987774528650688,55.94063228973533,0,1240,1340
pts_diff,0.12873747599355453,0.001151632011252247,111.78698988539716,0,1230,1330
favored_by,0.09031620407342239,0.0015905770209468473,56.78203751469921,0,1230,1330
pts_diff,0.1288036045893323,0.0011439645463888549,112.59405284536636,0,1220,1320
favored_by,0.08749906147883169,0.001581716421235512,55.319057388608464,0,1220,1320
pts_diff,0.12898248114471084,0.0011434240663208482,112.80371381348726,0,1210,1310
favored_by,0.08917986389994571,0.001587913407643308,56.16166692130994,0,1210,1310
pts_diff,0.13067164428143124,0.0011496723178570911,113.6599031322195,0,1200,1300
favored_by,0.09012012566250731,0.001596531471574591,56.447447023155554,0,1200,1300
pts_diff,0.13146565332679017,0.0011499705098842446,114.32089101139074,0,1190,1290
favored_by,0.0891305530978489,0.0015947553464811981,55.88979732503422,0,1190,1290
pts_diff,0.13108301643644316,0.001143324445564845,114.65075984768545,0,1180,1280
favored_by,0.08984997520335766,0.0015894725614601494,56.52817002441243,0,1180,1280
pts_diff,0.13310914647947575,0.0011498922413432716,115.7579307813934,0,1170,1270
favored_by,0.09052828143756343,0.0015913180399182477,56.88886769750579,0,1170,1270
pts_diff,0.13359686150561945,0.0011515474494232121,116.01507308494803,0,1160,1260
favored_by,0.08849020540484843,0.001591700222574616,55.594768505914544,0,1160,1260
pts_diff,0.13394726122907685,0.0011519231279054918,116.28142363338884,0,1150,1250
favored_by,0.09040009685168957,0.0015972129621367134,56.59864964453737,0,1150,1250
pts_diff,0.1345162288730776,0.0011521428478006377,116.7530824236421,0,1140,1240
favored_by,0.09055351763487049,0.0015876784860664004,57.035173323551184,0,1140,1240
pts_diff,0.1350846321496289,0.0011497171392955985,117.49379698070058,0,1130,1230
favored_by,0.08845361988035315,0.0015754348403749995,56.14552732583888,0,1130,1230
pts_diff,0.13719629156690152,0.00116187236843961,118.082067612259,0,1120,1220
favored_by,0.08807996630263552,0.00157642882351246,55.87310063665513,0,1120,1220
pts_diff,0.13742592942161833,0.0011581793037901225,118.65686856248792,0,1110,1210
favored_by,0.08780135895662901,0.0015681898866007915,55.988984310405954,0,1110,1210
pts_diff,0.13707757886731642,0.0011537366750664951,118.81184141035996,0,1100,1200
favored_by,0.08662090323885656,0.0015617461255780698,55.46413838983876,0,1100,1200
pts_diff,0.13749793387953219,0.001150718964276545,119.4887180520023,0,1090,1190
favored_by,0.08677249151290803,0.0015624240350722645,55.537094645945245,0,1090,1190
pts_diff,0.1382538282673624,0.001152144242367651,119.99697883595844,0,1080,1180
favored_by,0.08660348377450612,0.0015606979683489128,55.490226508159886,0,1080,1180
pts_diff,0.13888829189967655,0.001150418140999749,120.72853074011708,0,1070,1170
favored_by,0.08623216152248359,0.0015610153705154703,55.24107138932812,0,1070,1170
pts_diff,0.13927173413919533,0.001144683597124541,121.66832344680014,0,1060,1160
favored_by,0.08644083563201892,0.001547315287995657,55.86504334484514,0,1060,1160
pts_diff,0.13934449094316365,0.0011415728603725432,122.06359819879538,0,1050,1150
favored_by,0.08389828288936824,0.001540025684435289,54.47849587010806,0,1050,1150
pts_diff,0.14039416332846977,0.0011386683850838713,123.29679577265922,0,1040,1140
favored_by,0.08400489246508405,0.0015420802047001396,54.47504754230275,0,1040,1140
pts_diff,0.14275042147534245,0.0011520480021193725,123.91013326938696,0,1030,1130
favored_by,0.08421247378394763,0.0015530798104497012,54.222888751327936,0,1030,1130
pts_diff,0.14297364791812645,0.001149931959333986,124.33226745079202,0,1020,1120
favored_by,0.08524542547953165,0.0015590861737497471,54.67653226281167,0,1020,1120
pts_diff,0.1439151751723269,0.0011519030924379487,124.93687717057622,0,1010,1110
favored_by,0.08497503806962055,0.0015610923560586748,54.43306268192803,0,1010,1110
pts_diff,0.14538205700365586,0.0011513535852590716,126.27055568767152,0,1000,1100
favored_by,0.08523126230906532,0.0015547930523484483,54.81839668650895,0,1000,1100
pts_diff,0.14583937097924532,0.001148339114296632,127.00026426302934,0,990,1090
favored_by,0.08537190978042163,0.001546094369420547,55.21778713444105,0,990,1090
pts_diff,0.14650125741628547,0.0011486120233628813,127.54633804664718,0,980,1080
favored_by,0.0843798131655545,0.0015435926161523424,54.664561285532066,0,980,1080
pts_diff,0.1447602308379063,0.0011328438960116062,127.78480013668467,0,970,1070
favored_by,0.08188359939038702,0.0015281903672714073,53.58206748586608,0,970,1070
pts_diff,0.1460265454896577,0.0011364873883804966,128.48936731075096,0,960,1060
favored_by,0.08032968164516902,0.0015343472188884511,52.35430459043253,0,960,1060
pts_diff,0.14789605489597282,0.0011397012109281325,129.7673929604159,0,950,1050
favored_by,0.08103942368170414,0.001537471960617337,52.709529511786734,0,950,1050
pts_diff,0.14873596427004124,0.0011430077602268733,130.12681929693892,0,940,1040
favored_by,0.07990421235263187,0.0015318239779881463,52.16278991635565,0,940,1040
pts_diff,0.14967781890612103,0.0011444016320340433,130.79133646470407,0,930,1030
favored_by,0.0786425616053343,0.0015312693449624115,51.3577587535815,0,930,1030
pts_diff,0.1495858782798949,0.0011407091197998338,131.1341127053876,0,920,1020
favored_by,0.07939900550489634,0.0015200715136046805,52.23373031747068,0,920,1020
pts_diff,0.14980376698742223,0.0011391969703606554,131.49944292776362,0,910,1010
favored_by,0.07867244299248309,0.0015235786872234065,51.63661296408456,0,910,1010
pts_diff,0.1489793211307001,0.00113480046383054,131.28239358293672,0,900,1000
favored_by,0.07841031542070567,0.001528229766842074,51.30793622920481,0,900,1000
pts_diff,0.14936373166581313,0.0011351556335053331,131.5799589564486,0,890,990
favored_by,0.07720521594937282,0.001523979823116854,50.6602612306718,0,890,990
pts_diff,0.15064908867517923,0.0011391672745027863,132.24492315312798,0,880,980
favored_by,0.07628349358651297,0.0015265222202796307,49.972082013021236,0,880,980
pts_diff,0.15306805238264745,0.0011535505853044626,132.69296928339506,0,870,970
favored_by,0.07815292605039302,0.001545758306183034,50.559602842036355,0,870,970
pts_diff,0.1550866203175041,0.0011678800136382828,132.79328227765845,0,860,960
favored_by,0.07973532370590763,0.0015514007121985656,51.395698789457704,0,860,960
pts_diff,0.15560494750958473,0.0011726471166571186,132.6954591021124,0,850,950
favored_by,0.07964265948010188,0.0015549056273829911,51.220252906374604,0,850,950
pts_diff,0.1568955481053368,0.001181679636380202,132.77333659226747,0,840,940
favored_by,0.07895733602539477,0.0015658669216290259,50.424039830442744,0,840,940
pts_diff,0.15593187399511765,0.0011807393753087002,132.0629067310894,0,830,930
favored_by,0.0786097302462061,0.0015695138445640149,50.08540097844284,0,830,930
pts_diff,0.15728004622253514,0.001190306130720558,132.1341142108752,0,820,920
favored_by,0.07731470597114877,0.0015816353695836335,48.88276239769595,0,820,920
pts_diff,0.15775430566710083,0.0011990392781514743,131.5672543357431,0,810,910
favored_by,0.07733462081778196,0.0015818073154827714,48.89003866705424,0,810,910
pts_diff,0.15889018565697496,0.0012065337442844575,131.6914561318016,0,800,900
favored_by,0.07544616184664471,0.0015872016205053198,47.53407561581547,0,800,900
pts_diff,0.16107272436686768,0.0012255577688954676,131.4280962145377,0,790,890
favored_by,0.07623244344047546,0.0016062747723753555,47.4591550284657,0,790,890
pts_diff,0.16112214231812877,0.0012323312285762089,130.74580809275076,0,780,880
favored_by,0.07854204147726312,0.0016206400981738365,48.46359260502413,0,780,880
pts_diff,0.16216459663900817,0.0012423805195133234,130.52731759069496,0,770,870
favored_by,0.07879965021453623,0.0016251018391838824,48.48905361777758,0,770,870
pts_diff,0.1621022403091159,0.0012391067340368034,130.8218540472408,0,760,860
favored_by,0.0785289039919051,0.0016266509775737395,48.27643119179524,0,760,860
pts_diff,0.1636182332600186,0.0012379819708696707,132.16527955175172,0,750,850
favored_by,0.07925166657168765,0.001622137824067668,48.85630887575041,0,750,850
pts_diff,0.16355516903489298,0.0012445726553688575,131.41472161496242,0,740,840
favored_by,0.0789742402273179,0.0016234051591801338,48.64727685552149,0,740,840
pts_diff,0.1653466539495538,0.001281579662002955,129.0178510566693,0,730,830
favored_by,0.08083747749938244,0.001662057186169534,48.637001284946656,0,730,830
pts_diff,0.16975734150892796,0.0011370654990703105,149.2942505490891,0,720,820
favored_by,0.07978787889316347,0.0014444656707519763,55.2369505961513,0,720,820
pts_diff,0.17072944076288288,0.0011820501642155136,144.43502139876625,0,710,810
favored_by,0.07947787569116456,0.0015017355537955603,52.92401547681832,0,710,810
pts_diff,0.17152085141888315,0.00119556359173791,143.46443184135015,0,700,800
favored_by,0.08031951204008951,0.001514612938401289,53.02972792829085,0,700,800
pts_diff,0.172768976091405,0.0012192523773194158,141.70074982445047,0,690,790
favored_by,0.08022462411581611,0.0015341718386153796,52.29181118864783,0,690,790
pts_diff,0.17387157709705414,0.0012324029280661479,141.08338526092967,0,680,780
favored_by,0.07924796174569945,0.001543545312896518,51.341519476994044,0,680,780
pts_diff,0.17642561823204297,0.0012597701632722053,140.04587771295053,0,670,770
favored_by,0.07891467526559179,0.001561602355219829,50.53442382550893,0,670,770
pts_diff,0.17806624498372906,0.0012822217724145545,138.87320338385157,0,660,760
favored_by,0.07898503465326336,0.0015786231829328522,50.034128161301076,0,660,760
pts_diff,0.17940673183607633,0.0013082126853975163,137.1388107137651,0,650,750
favored_by,0.0781616177489951,0.001597872235468279,48.91606225706071,0,650,750
pts_diff,0.18145403856031103,0.001332338419797722,136.19215348294145,0,640,740
favored_by,0.07864598225825818,0.0016218349007456766,48.491977957866645,0,640,740
pts_diff,0.1828073776587453,0.0013212238307427997,138.36215590810977,0,630,730
favored_by,0.0772741320280615,0.0016032285537831937,48.19907420293574,0,630,730
pts_diff,0.18476582586947182,0.001362715053759942,135.58654493444854,0,620,720
favored_by,0.0777615255587102,0.0016526036125403111,47.05394867144126,0,620,720
pts_diff,0.183099344884199,0.0017631601936029405,103.84725423618119,0,670,720
favored_by,0.07784091899504127,0.002142515340652702,36.33155736067103,5.138840795367873e-289,670,720
pts_diff,0.1798655109031182,0.0022508055623897873,79.91161649349507,0,665,715
favored_by,0.07565015839776255,0.0027650824766170877,27.35909653238119,8.417280963175101e-165,665,715
pts_diff,0.18179093098584886,0.002168626682255733,83.82767420197744,0,660,710
favored_by,0.07889478659262592,0.0026551683674424058,29.7136662066449,5.114094970499297e-194,660,710
pts_diff,0.1826342627787765,0.002159825305720511,84.55973837099305,0,655,705
favored_by,0.07560660354260587,0.0026301768578481976,28.74582494975688,1.0214113823453398e-181,655,705
pts_diff,0.1866672869039791,0.0022057680369286436,84.62688903766075,0,650,700
favored_by,0.07666431749908471,0.002647080686317419,28.961836295870157,1.9911598468167517e-184,650,700
pts_diff,0.18563147932991728,0.0021775939437998246,85.24614052057699,0,645,695
favored_by,0.079531948061678015,0.0026448372010997863,30.070640275555235,1.1731607753842754e-198,645,695
pts_diff,0.18556248045876128,0.002150072100173104,86.30523620292617,0,640,690
favored_by,0.07787498885490388,0.002604000418060026,29.905904897250576,1.6489555008636235e-196,640,690
pts_diff,0.18844375086507534,0.0021729028338236273,86.7244259300235,0,635,685
favored_by,0.07789870292420079,0.002603837753426164,29.91688050520838,1.1870606579912055e-196,635,685
pts_diff,0.19056650940119302,0.0021930618568342677,86.89518209772702,0,630,680
favored_by,0.07708817936178541,0.0026160631797329443,29.46724680007721,7.570178888504082e-191,630,680
pts_diff,0.188521711918565,0.0021541654239606764,87.5149651097577,0,625,675
favored_by,0.07806453829609684,0.0025896740269358257,30.14454231850368,1.264687426740764e-199,625,675
pts_diff,0.18754314157503654,0.0021298961950936826,88.05271449709667,0,620,670
favored_by,0.07736702238826255,0.002573137154432913,30.067197255683507,1.3012739691897794e-198,620,670
pts_diff,0.19035716538046699,0.002153762568408567,88.38354244457106,0,615,665
favored_by,0.0775550491447932,0.00257091596359639,30.166310467924973,6.55522195753836e-200,615,665
pts_diff,0.19299992268894858,0.0021747936944550806,88.74401428559729,0,610,660
favored_by,0.07731655825045433,0.0025628399297889567,30.168313421283845,6.170451481770728e-200,610,660
pts_diff,0.19178199328049425,0.0021384375450443083,89.68323331440598,0,605,655
favored_by,0.07691339050068663,0.002543569229508587,30.23837118659678,7.419145990829416e-201,605,655
pts_diff,0.1938462514599229,0.0021581936423877464,89.81874825905729,0,600,650
favored_by,0.07685957749045061,0.0025451278531502548,30.198709819358182,2.4627955816789777e-200,600,650
pts_diff,0.19524705618532187,0.002172852225036883,89.85749418923675,0,595,645
favored_by,0.0763183592478338,0.0025440546383032584,29.998710758324695,1.0200848844652614e-197,595,645
pts_diff,0.19566152048687413,0.002167359487186948,90.27645005066809,0,590,640
favored_by,0.07487772597728228,0.00252522850021037,29.651861592344776,3.209209359120913e-193,590,640
pts_diff,0.1954826093580799,0.0021490827449602997,90.96095058065858,0,585,635
favored_by,0.07644646331419186,0.002511035558170915,30.444197839188263,1.429636235464681e-203,585,635
pts_diff,0.19734329828631197,0.002156537259073756,91.5093386195757,0,580,630
favored_by,0.07570956893671422,0.002504457872049547,30.229923122945795,9.580816019128678e-201,580,630
pts_diff,0.1991273363509518,0.00216967465036149,91.77750973758909,0,575,625
favored_by,0.07272872057477398,0.0024794001345898944,29.333192154078706,3.9150640623488155e-189,575,625
pts_diff,0.20013095985400284,0.0021701631291786137,92.21931621783222,0,570,620
favored_by,0.0709338087246466,0.002472714835818514,28.686611046747004,5.6049032385653e-181,570,620
pts_diff,0.20072761159213778,0.002174946208071468,92.2908395836252,0,565,615
favored_by,0.0753874349445643,0.0024914089255026043,30.258956758516078,3.9776804263504766e-201,565,615
pts_diff,0.19953254112529117,0.002159853198134198,92.38245511206898,0,560,610
favored_by,0.07235807155252354,0.002496095847215632,28.98849883238185,9.187399537040639e-185,560,610
pts_diff,0.20293064305882733,0.0021967002740804777,92.37975952079879,0,555,605
favored_by,0.0734942268718437,0.002511244773637882,29.266054684656346,2.8056500952387742e-188,555,605
pts_diff,0.20239664725393303,0.00218280409272176,92.72323060452148,0,550,600
favored_by,0.06883276369574289,0.00249622948864726,27.574693756640254,2.2385805190662796e-167,550,600
pts_diff,0.19922330140050626,0.002136922291766342,93.22908098629634,0,545,595
favored_by,0.06681053633790408,0.0024743764953343186,27.00095820659546,1.4400994331286015e-160,545,595
pts_diff,0.2016714459416642,0.0021593601062790766,93.39407788225577,0,540,590
favored_by,0.06755661606282293,0.0024847809277827055,27.188157840179127,8.966412509964596e-163,540,590
pts_diff,0.20473442783819507,0.0021900086720144847,93.48566992196868,0,535,585
favored_by,0.06904768439964061,0.0025052362458421584,27.56134656531348,3.2358139276788998e-167,535,585
pts_diff,0.20413983063955005,0.0021835759647430794,93.48876976834156,0,530,580
favored_by,0.06744837457051298,0.0025243689312644834,26.71890536092415,2.83870833969695e-157,530,580
pts_diff,0.20410337209806612,0.002181731941961428,93.5510766343607,0,525,575
favored_by,0.06840217821526498,0.0025300071127812647,27.036358067811797,5.526384869640747e-161,525,575
pts_diff,0.20442181499309758,0.0021804596714912507,93.75170642495318,0,520,570
favored_by,0.06836126859236438,0.002532363080794307,26.995050240158303,1.6895018094864752e-160,520,570
pts_diff,0.20600252002049893,0.002195745583046144,93.8189385924725,0,515,565
favored_by,0.06319325939659991,0.0025337756815240345,24.940352793420903,2.717410269807371e-137,515,565
pts_diff,0.2044311453717003,0.002149801976755256,95.09301209232898,0,510,560
favored_by,0.06438121375623895,0.002486878558371269,25.888362557761617,9.005759826362489e-148,510,560
pts_diff,0.20319602265987846,0.002141451178978375,94.88706754305623,0,505,555
favored_by,0.06428685125040011,0.002476654811932145,25.957130134032354,1.5107027857193977e-148,505,555
pts_diff,0.20033171691108645,0.00212003509229126,94.49452871771803,0,500,550
favored_by,0.06906283449118186,0.0024674063179215967,27.990053356658535,2.147232082022045e-172,500,550
pts_diff,0.20575282989573282,0.0021812976778641893,94.32588315832025,0,495,545
favored_by,0.06579960363097549,0.0024849058429807815,26.47971705521254,1.6599793017840758e-154,495,545
pts_diff,0.2048395432501889,0.0021678106189817574,94.49143825414238,0,490,540
favored_by,0.06851439946191314,0.002467410617959618,27.767733089586002,1.0644108678881217e-169,490,540
pts_diff,0.2061329787630825,0.0021760652361177673,94.72738929961322,0,485,535
favored_by,0.06728656155278383,0.002473807938023277,27.19958995949778,6.567825331393609e-163,485,535
pts_diff,0.20603807591420048,0.00217526556176673,94.71858495606317,0,480,530
favored_by,0.06707638620865017,0.0024556008518128447,27.31567150220326,2.7632644310261095e-164,480,530
pts_diff,0.2076565253494906,0.002189912428246402,94.82412295169904,0,475,525
favored_by,0.06722295244759662,0.002461945847954976,27.30480546655224,3.719404537616733e-164,475,525
pts_diff,0.211536601573696,0.0022327986930082426,94.74056135741168,0,470,520
favored_by,0.06709199114598458,0.00246282202374352,27.241916183616027,2.0719295577405216e-163,470,520
pts_diff,0.21162477240867952,0.0022308497638431615,94.8628526396624,0,465,515
favored_by,0.0693644334842208,0.0024591031623897603,28.207207629635327,4.770677560429678e-175,465,515
pts_diff,0.2163219527415639,0.0023042567164541406,93.87927620948703,0,460,510
favored_by,0.0726960844631155,0.0025125853128412745,28.932782537405476,4.621626680964245e-184,460,510
pts_diff,0.22024591038563437,0.0023362881143670815,94.27172489181656,0,455,505
favored_by,0.06967467555331146,0.0025011681457933798,27.856853874656395,8.897248658094969e-171,455,505
pts_diff,0.22451654189495732,0.002367729166148718,94.82357404083916,0,450,500
favored_by,0.06369458609269288,0.0025176120285040084,25.299603501871125,3.226484279961662e-141,450,500
pts_diff,0.2270048705260174,0.0023919682235952018,94.90296245859909,0,445,495
favored_by,0.06490299510206368,0.0025503327905029146,25.44883371446794,7.272500440562761e-143,445,495
pts_diff,0.2311290658054312,0.0024412747963577807,94.67556300923614,0,440,490
favored_by,0.06358286556505587,0.0025755681407094327,24.68692812279552,1.4777091235768825e-134,440,490
pts_diff,0.23195084155573267,0.002457557576979282,94.38266827540053,0,435,485
favored_by,0.06352712536118157,0.0025694795080032948,24.723733021925355,5.94360575605133e-135,435,485
pts_diff,0.2357263729194085,0.0024965568099179175,94.42059238666344,0,430,480
favored_by,0.06079750127884395,0.002571758178900005,23.640442471480082,1.4801962254028012e-123,430,480
pts_diff,0.23395544575686836,0.0024786397467130156,94.38864444384157,0,425,475
favored_by,0.05932055647269137,0.002566609010205269,23.11242430647709,3.472717071513083e-118,425,475
pts_diff,0.2353482746407756,0.0025046698161944516,93.9637924005326,0,420,470
favored_by,0.06037547284850097,0.0025785511568984084,23.41449487514654,3.042101991755549e-121,420,470
pts_diff,0.239820818311362,0.0025556610898123627,93.83905372561341,0,415,465
favored_by,0.060923284801363005,0.002606275272559115,23.375614020057874,7.567209334051567e-121,415,465
pts_diff,0.23772169136464763,0.002521905238807635,94.26273743617868,0,410,460
favored_by,0.05800615990478431,0.0025772624911529042,22.506888647898656,3.553506573651157e-112,410,460
pts_diff,0.2373633378866907,0.002534556229858412,93.65084707548608,0,405,455
favored_by,0.06175177753740842,0.002594967132173915,23.796747470044565,3.609044727387742e-125,405,455
pts_diff,0.23664346769416103,0.0025331589127091567,93.41832701726405,0,400,450
favored_by,0.06340508995159104,0.002614002805429937,24.255937989004,5.7239144499964996e-130,400,450
pts_diff,0.2393175829581854,0.0025787628710159335,92.80325292720825,0,395,445
favored_by,0.06547244661375337,0.0026204990983019175,24.984723962003837,8.960943865699311e-138,395,445
pts_diff,0.238429789683678,0.0025705521266569374,92.75431033322847,0,390,440
favored_by,0.06305026006375292,0.0026192346313279116,24.07201680583591,4.910302785380349e-128,390,440
pts_diff,0.23694833048565647,0.0025546356424212347,92.75229960429166,0,385,435
favored_by,0.06565377988698205,0.002615484439527029,25.10195774625008,4.734464396507154e-139,385,435
pts_diff,0.24006591194585292,0.0025963855256636043,92.46158152283452,0,380,430
favored_by,0.06642296317378663,0.002634983434334292,25.208114141547863,3.2637567225379543e-140,380,430
pts_diff,0.24062269249436677,0.0026096762060472552,92.20404122809772,0,375,425
favored_by,0.06447699314372715,0.0026362541764413335,24.457805973308812,4.15656987531647e-132,375,425
pts_diff,0.24027300270547808,0.0026046722808804766,92.24692275845806,0,370,420
favored_by,0.05946941432853862,0.002621501807655101,22.685246355688474,6.265507166247479e-114,370,420
pts_diff,0.24427816003061964,0.002660220554325409,91.82628095758204,0,365,415
favored_by,0.0584001100501761,0.002662412262471103,21.935036460496303,1.203415019043813e-106,365,415
pts_diff,0.24735242264505197,0.0027103861286060884,91.26095357205125,0,360,410
favored_by,0.06056428633333111,0.002691869439498832,22.498968725840907,4.248249002625623e-112,360,410
pts_diff,0.2495037094749974,0.0027385773318109653,91.10705276670267,0,355,405
favored_by,0.056863612592246926,0.0027085785262763408,20.993894783039956,7.4577282553777e-98,355,405
pts_diff,0.24713634186243616,0.0027087830341376348,91.2351926115464,0,350,400
favored_by,0.05221275279240455,0.002706156795761984,19.29406044548974,6.025023296122173e-83,350,400
pts_diff,0.2500046280660425,0.0027495103335347447,90.92696434591643,0,345,395
favored_by,0.05261631862924739,0.0027295513125124697,19.276544972080288,8.45379930598829e-83,345,395
pts_diff,0.2547013618806723,0.002801819387637968,90.90570327425512,0,340,390
favored_by,0.054606716954853675,0.0027456403529132743,19.88851777215212,5.116508908107811e-88,340,390
pts_diff,0.25790651536116027,0.002845339178236104,90.64174750549174,0,335,385
favored_by,0.04960950525911705,0.0027672398777637388,17.927432188931693,7.203040413982353e-72,335,385
pts_diff,0.2559000950617823,0.002821366659349142,90.70075816406492,0,330,380
favored_by,0.048338365833332765,0.002763240839201688,17.49335966216319,1.6098096865585815e-68,330,380
pts_diff,0.2568488998914959,0.0028245436067395042,90.9346555240434,0,325,375
favored_by,0.05075153347872425,0.0027935842762356693,18.167174661761592,9.391117482570503e-74,325,375
pts_diff,0.2591741112402678,0.0028464323895937473,91.05226324285117,0,320,370
favored_by,0.046396458849281307,0.002796953016145015,16.588215311971393,8.48030639797444e-62,320,370
pts_diff,0.2575136401513773,0.0028222083207614973,91.24544005379947,0,315,365
favored_by,0.046130793495731036,0.0027840350586863663,16.569760266416196,1.152844844607733e-61,315,365
pts_diff,0.2592362781826251,0.0028577218174517635,90.71431536810208,0,310,360
favored_by,0.047015312704034154,0.0027997097022813343,16.792924161288536,2.7495734086850874e-63,310,360
pts_diff,0.2592975000961186,0.002849691958034322,90.99141377897506,0,305,355
favored_by,0.04513422575712108,0.0027882786123806158,16.187129061175757,6.216197450911784e-59,305,355
pts_diff,0.2646741388491055,0.002916122347894353,90.76235742996826,0,300,350
favored_by,0.04876581614835058,0.002736822041985859,17.818409600708172,5.086207709423233e-71,300,350
pts_diff,0.265537735195516,0.00291752742031511,91.01464937280225,0,295,345
favored_by,0.047593003901254025,0.0027243696104067108,17.46936381886489,2.452136769317752e-68,295,345
pts_diff,0.2653981537145546,0.0029237592924199313,90.7729149942745,0,290,340
favored_by,0.050724630543877804,0.0027541320796184345,18.41764631379093,9.48386553368251e-76,290,340
pts_diff,0.2664356594653303,0.0029443340184156816,90.49097615925277,0,285,335
favored_by,0.051691750420412186,0.0027402498011740843,18.86388255489131,2.2599860133821223e-79,285,335
pts_diff,0.2677098741531759,0.0029592552644323736,90.46528610451804,0,280,330
favored_by,0.05368278032427916,0.0027265596669775218,19.688833871656374,2.6880664642209047e-86,280,330
pts_diff,0.2725860220384576,0.0030324723128725114,89.88903901326978,0,275,325
favored_by,0.05233865170489443,0.002704769650698245,19.350502432391252,2.018647529911595e-83,275,325
pts_diff,0.2772868415133027,0.0031099834267756294,89.16023124945984,0,270,320
favored_by,0.056424771939695494,0.0027383516320571826,20.605378534715964,2.455919968433356e-94,270,320
pts_diff,0.27849592889846847,0.003131178162980221,88.94285613993907,0,265,315
favored_by,0.057336368268446285,0.00272445020754984,21.04511512435024,2.535012917687674e-98,265,315
pts_diff,0.2768213153646222,0.003100125902037794,89.29357197482214,0,260,310
favored_by,0.056102364884019665,0.0027179606190667898,20.64134575403906,1.1676585871541701e-94,260,310
pts_diff,0.2779362323516746,0.0031122037301806425,89.30528218843251,0,255,305
favored_by,0.05513260497534609,0.0027051639548513018,20.38050406389384,2.4907709789331608e-92,255,305
pts_diff,0.2811043130558873,0.003170903198948887,88.65118088406788,0,250,300
favored_by,0.055806877203971456,0.002736621224025553,20.392620182152896,1.9444804145956025e-92,250,300
pts_diff,0.27868859456261413,0.0031428995046887637,88.67244852940732,0,245,295
favored_by,0.06020274429980161,0.002783173680382536,21.630969250732132,9.183340182019825e-104,245,295
pts_diff,0.2803277809952831,0.003163652588113557,88.6089016374705,0,240,290
favored_by,0.05792180945330732,0.0027867552490528167,20.78467761852937,5.956291792418465e-96,240,290
pts_diff,0.281439828452133,0.0031764025668025854,88.60332484098026,0,235,285
favored_by,0.05661520317600536,0.002798555750749668,20.230150198308348,5.314084877440923e-91,235,285
pts_diff,0.2870884030984271,0.0032475297343735683,88.4020860716784,0,230,280
favored_by,0.056223913716227744,0.0028167788358377088,19.960357909855844,1.2183656162879845e-88,230,280
pts_diff,0.2906544118082686,0.0032938304867437015,88.24206739783112,0,225,275
favored_by,0.052427622775812255,0.002847711014786222,18.410443511856137,1.0833179411127876e-75,225,275
pts_diff,0.29136111179976837,0.003293194746261567,88.4736962885421,0,220,270
favored_by,0.055375503847654474,0.002855060370951052,19.39556319406594,8.412641414209678e-84,220,270
pts_diff,0.29805249077482376,0.0033717412046424034,88.39720271664038,0,215,265
favored_by,0.05593490385917865,0.0028715034040574044,19.47930961187203,1.64482472491332e-84,215,265
pts_diff,0.30143801819926713,0.003420873458076836,88.11726650910119,0,210,260
favored_by,0.05475415386538147,0.0028559410081437564,19.172018507822543,6.340041136876397e-82,210,260
pts_diff,0.30771674148386435,0.0034937833937584385,88.07550635039168,0,205,255
favored_by,0.05420614455799099,0.0028965388545885524,18.71410924528781,3.7991998174674515e-78,205,255
pts_diff,0.31199922808682345,0.0035301458289246582,88.38139929813146,0,200,250
favored_by,0.055759432235693254,0.0028996506678167903,19.22970682453819,2.0880516895540036e-82,200,250
pts_diff,0.3166291041835346,0.0035964527253154886,88.03927880235356,0,195,245
favored_by,0.053747557552552366,0.002896354715904435,18.55696654053259,7.163715695396536e-77,195,245
pts_diff,0.32161181386658916,0.0036696607099337007,87.64074918315805,0,190,240
favored_by,0.05311457380600419,0.0029074273234842053,18.268581772270306,1.4722746531852805e-74,190,240
pts_diff,0.3278850123371827,0.003748485344327068,87.47133367705483,0,185,235
favored_by,0.04950352820576826,0.0029305302589700145,16.892345013071843,5.122587846853179e-64,185,235
pts_diff,0.33491020257177917,0.0038558148142846882,86.85847705419692,0,180,230
favored_by,0.05044233424679558,0.002982866749133234,16.910689779036623,3.752894642320269e-64,180,230
pts_diff,0.33660711928749515,0.0038949518199490178,86.42138204726268,0,175,225
favored_by,0.05414254426188192,0.00300098654792234,18.041581792283004,9.187606863395882e-73,175,225
pts_diff,0.34071028034452555,0.003962219390480515,85.98975643880391,0,170,220
favored_by,0.04889584399812119,0.0030329020066884103,16.121801459556547,1.793052152473311e-58,170,220
pts_diff,0.3433613681291194,0.004019324753912596,85.42762507430523,0,165,215
favored_by,0.04453074338590013,0.0030710612356855626,14.500115747760201,1.209457775019274e-47,165,215
pts_diff,0.34902740163021534,0.0041307942631777644,84.49401722605116,0,160,210
favored_by,0.04598159374150849,0.0031360468252081674,14.66227907437456,1.1243470696923553e-48,160,210
pts_diff,0.3532201285464609,0.004228991357036737,83.52349265475043,0,155,205
favored_by,0.044960165858409264,0.003157661602867207,14.238437018578786,5.289693058169769e-46,155,205
pts_diff,0.355365359437795,0.004293425120807374,82.76966511319264,0,150,200
favored_by,0.04346787951588434,0.0031994420915652227,13.586081032840042,4.843277461962616e-42,150,200
pts_diff,0.3567097253306264,0.004324682210936377,82.48229764225655,0,145,195
favored_by,0.0439391182887551,0.003247375499097775,13.530655232498612,1.0310055610927613e-41,145,195
pts_diff,0.3608324551875901,0.004384002191315182,82.30663203189273,0,140,190
favored_by,0.04255806814840346,0.003291915621797288,12.92805558763624,3.126254062028815e-38,140,190
pts_diff,0.3636373753462133,0.00442593146924831,82.1606429906997,0,135,185
favored_by,0.04130217123160792,0.0032689893004222326,12.634538518150917,1.3619081591925019e-36,135,185
pts_diff,0.36568485023512126,0.0044567029701618865,82.05277593849563,0,130,180
favored_by,0.045464709868439576,0.003289138204141753,13.822681519186224,1.860095110885822e-43,130,180
pts_diff,0.37232468482756664,0.004536402649083033,82.07487598192515,0,125,175
favored_by,0.04073329449547934,0.003280739368565882,12.415888590773728,2.142943045532369e-35,125,175
pts_diff,0.38041928070933356,0.00465249645771838,81.76669969908889,0,120,170
favored_by,0.046181094883354305,0.0033140952474096257,13.93475185103703,3.895519543993953e-44,120,170
pts_diff,0.3882683901252176,0.004772726898980748,81.35147858724856,0,115,165
favored_by,0.04750604080365883,0.003337440102334743,14.23427517708122,5.614200555999772e-46,115,165
pts_diff,0.3991447221062521,0.004928066650418759,80.99418096797353,0,110,160
favored_by,0.04694070957728152,0.003371052652923817,13.924644439050338,4.487692115810395e-44,110,160
pts_diff,0.40218986216934266,0.004918263686005185,81.774766024393,0,105,155
favored_by,0.040423334357993876,0.003345061434653043,12.084481898965981,1.2757177395469378e-33,105,155
pts_diff,0.40389189266674086,0.004894634576566723,82.51727199419359,0,100,150
favored_by,0.039650531380354306,0.003299128267095655,12.01848736098404,2.8412504098567407e-33,100,150
pts_diff,0.4110441180954613,0.004970327801029802,82.69959941279872,0,95,145
favored_by,0.0403525698922371,0.0032988609010428348,12.232273837154171,2.0900484977087644e-34,95,145
pts_diff,0.42392121210329065,0.005148375415596878,82.34077313379899,0,90,140
favored_by,0.04207381129151644,0.003336610237355857,12.609747108148422,1.8659078111604845e-36,90,140
pts_diff,0.4297756754251743,0.0052045227918150975,82.57734524691905,0,85,135
favored_by,0.044425339584633926,0.0033850416357412727,13.124015703548489,2.3987924408443922e-39,85,135
pts_diff,0.4409124093411918,0.005348448208038765,82.43744581437595,0,80,130
favored_by,0.04083838489512161,0.003364229237898913,12.139001835863809,6.562165162615595e-34,80,130
pts_diff,0.45290513771916185,0.005508161337305112,82.22437760705596,0,75,125
favored_by,0.04467630796407013,0.0033874750041053545,13.188675314187098,1.019611608598118e-39,75,125
pts_diff,0.45594704589873986,0.005516333142843661,82.65400839509483,0,70,120
favored_by,0.044181073524107786,0.003375300293619677,13.089523799592936,3.7797003466119024e-39,70,120
pts_diff,0.462280225623939,0.005563015270138298,83.09885973267274,0,65,115
favored_by,0.0423138319894577,0.0034010980754744895,12.441226642238027,1.5608828493666384e-35,65,115
pts_diff,0.46989979861127823,0.005637560189993149,83.35162424436116,0,60,110
favored_by,0.04509995187915895,0.003403313492213006,13.25177712319199,4.406438064175335e-40,60,110
pts_diff,0.48425209006685926,0.005800352146245569,83.48667078434266,0,55,105
favored_by,0.0483043088879446,0.003444809285675228,14.022346342600594,1.1378941799826075e-44,55,105
pts_diff,0.4955606076374926,0.005926936655159011,83.61159169908446,0,50,100
favored_by,0.05017102662695281,0.0034595450309895482,14.502203664798715,1.1732202003212435e-47,50,100
pts_diff,0.3995162701695457,0.013544557759724223,29.496442575448114,3.197864848436185e-191,95,100
favored_by,0.054432678770336744,0.009152086107032406,5.947570655886969,2.7215130394127422e-9,95,100
pts_diff,0.42079990834287434,0.014423352263876492,29.174903354248247,4.0375896438213495e-187,94,99
favored_by,0.04973047125322955,0.009536895445521295,5.214534597480976,1.8427930828219658e-7,94,99
pts_diff,0.46229237015074015,0.016706001738099184,27.672232853684594,1.5076280092506686e-168,93,98
favored_by,0.06745164504356298,0.010428620774369644,6.467935358176842,9.935097813019513e-11,93,98
pts_diff,0.45205946282973913,0.016168729496755182,27.958873510776503,5.142456170850242e-172,92,97
favored_by,0.07619663678044293,0.010426753428496463,7.3078007745149565,2.7154999780823077e-13,92,97
pts_diff,0.4700638976095648,0.01679898740505242,27.981680459394212,2.7150240767279803e-172,91,96
favored_by,0.056987101536726564,0.010362462915080486,5.499378092228756,3.8113310231524655e-8,91,96
pts_diff,0.4902189447961712,0.017944526816201185,27.318577403421852,2.5521235749979417e-164,90,95
favored_by,0.04751000036883595,0.010824086624043699,4.389284936366021,1.137239825112216e-5,90,95
pts_diff,0.4665206462400511,0.016778379927608923,27.804868423106132,3.787931134184745e-170,89,94
favored_by,0.034273868368003384,0.010387468815381464,3.2995399531069234,9.684344133783691e-4,89,94
pts_diff,0.45776341865151454,0.01611726144697908,28.40205950355883,1.9070939479286786e-177,88,93
favored_by,0.05190050726387559,0.010083205954664715,5.147222767959556,2.6437130207814963e-7,88,93
pts_diff,0.4831150228933089,0.01705970195395096,28.319077566382767,2.0124022276635453e-176,87,92
favored_by,0.042657702640663646,0.010380539810415354,4.109391555713016,3.967029504975541e-5,87,92
pts_diff,0.5083336259915128,0.018245038282022577,27.861472151165078,7.821805603520132e-171,86,91
favored_by,0.03642453470002662,0.010553789143758404,3.45132295177305,5.578456220863895e-4,86,91
pts_diff,0.48531144256969055,0.01718175502138156,28.245743346110597,1.605441918093479e-175,85,90
favored_by,0.04504918986311551,0.01044871828619554,4.311456068504865,1.6218300004119643e-5,85,90
pts_diff,0.4651108196047029,0.01634212930166047,28.460845647417838,3.577726922283831e-178,84,89
favored_by,0.057091097164245076,0.010202190884887243,5.595964416703429,2.1939870082177374e-8,84,89
pts_diff,0.5022842366791161,0.017766257094450906,28.271809532464722,7.678817029995564e-176,83,88
favored_by,0.07834756086844187,0.010232005162469963,7.657107245783396,1.9016782480370354e-14,83,88
pts_diff,0.5096715169539009,0.01805669939160223,28.22617278498516,2.791792828122792e-175,82,87
favored_by,0.06491414181665224,0.010185460355031999,6.373216286152665,1.8510454489754783e-10,82,87
pts_diff,0.4778154188572945,0.01683166984298064,28.387879712158163,2.853977061843872e-177,81,86
favored_by,0.07221714857206273,0.009804675492628359,7.3655827392104065,1.7637469222342313e-13,81,86
pts_diff,0.45589844951600217,0.01579667968933372,28.860397151930304,3.7522342315441184e-183,80,85
favored_by,0.047561010649875,0.009310261548154418,5.108450541789889,3.248113998277603e-7,80,85
pts_diff,0.4785518202553552,0.016968045733822296,28.203119425913673,5.354521684503656e-175,79,84
favored_by,0.04563984888074133,0.00945197055090079,4.828606758237495,1.3749161694393323e-6,79,84
pts_diff,0.4696009463118877,0.016224740070574572,28.943511222319234,3.386878204568922e-184,78,83
favored_by,0.04059551759630325,0.009255270402465982,4.386205462509982,1.1534517343973479e-5,78,83
pts_diff,0.4732834652119241,0.016553385709948354,28.591339168004,8.609482869181443e-180,77,82
favored_by,0.02317022720319154,0.00954942229298779,2.426348578196778,0.01525161339098275,77,82
pts_diff,0.4685315159011139,0.016594171420364817,28.23470386271407,2.1936053656492323e-175,76,81
favored_by,0.03648497816631845,0.00958633574520042,3.805935775260672,1.4126904084946115e-4,76,81
pts_diff,0.4863070838018272,0.01697789418436284,28.643545455108963,1.929062225009113e-180,75,80
favored_by,0.04346989654620403,0.009776719400603512,4.446266151764635,8.737568451946872e-6,75,80
pts_diff,0.49807448980118396,0.01763339872566931,28.246085598695526,1.589977290006412e-175,74,79
favored_by,0.06601374684893438,0.010179829351359132,6.484759672333872,8.887333398574437e-11,74,79
pts_diff,0.4824407847998376,0.01670180726065314,28.885543778031316,1.8138012875328439e-183,73,78
favored_by,0.0699918988404071,0.010037990228789045,6.972700435558277,3.109142211546809e-12,73,78
pts_diff,0.49502857863548255,0.01739765680255886,28.453750079877043,4.3793357985096446e-178,72,77
favored_by,0.06540965529837472,0.010479466514611756,6.241697056541244,4.328486729554811e-10,72,77
pts_diff,0.48162916825820995,0.016753280166229133,28.748350381501208,9.498026361613904e-182,71,76
favored_by,0.07023164186567263,0.01044731940858384,6.722455695952795,1.786870792863064e-11,71,76
pts_diff,0.498283619152867,0.017462858398605906,28.53390938522676,4.448781476497519e-179,70,75
favored_by,0.04757184724051791,0.01033602559019514,4.602528005120755,4.173934172992589e-6,70,75
pts_diff,0.4757798959922581,0.01657165198005183,28.71046873087725,2.823936346957694e-181,69,74
favored_by,0.025543140163064224,0.010100414079145614,2.528920098018882,0.011441407087325701,69,74
pts_diff,0.5079016155187585,0.01785887411715941,28.439733220962086,6.528143261169904e-178,68,73
favored_by,0.007541268422496645,0.010279935566194767,0.7335910204822548,0.46319803529235576,68,73
pts_diff,0.5300661171678641,0.019190672840053036,27.621028276901164,6.22154876441177e-168,67,72
favored_by,0.004855560038353673,0.010651553658139667,0.4558546287417111,0.6484945176809941,67,72
pts_diff,0.547936811679715,0.020102880938525143,27.25663119407176,1.386757667981015e-163,66,71
favored_by,0.012953502406503005,0.010624512234063622,1.2192091383708257,0.22276482436605516,66,71
pts_diff,0.5653224283094055,0.02089278035535963,27.058266956048442,3.053075681895472e-161,65,70
favored_by,0.017764305912626524,0.010828813302411146,1.6404665420421571,0.10090819960927627,65,70
pts_diff,0.5372238845509406,0.019605849333815862,27.401204375489375,2.6533790721068657e-165,64,69
favored_by,0.048945406771710304,0.011140056684737127,4.393640728845652,1.1146797393991302e-5,64,69
pts_diff,0.5796167056964907,0.021904771026072044,26.46075163290248,2.7443349175213864e-154,63,68
favored_by,0.08134236471573837,0.0117103130789761,6.946216054784643,3.752139981498392e-12,63,68
pts_diff,0.5453440212817445,0.0202735819783918,26.899243649345674,2.2414175849099157e-159,62,67
favored_by,0.09981785653477687,0.011832172781515767,8.436139192516901,3.279921480587193e-17,62,67
pts_diff,0.5429119932334457,0.01996592462515166,27.191928419359233,8.09158910457993e-163,61,66
favored_by,0.08329035807970896,0.011083404921360725,7.514870986909976,5.69670836033333e-14,61,66
pts_diff,0.5398628212882822,0.019336823685117615,27.918898681575197,1.5733782814954013e-171,60,65
favored_by,0.08235994074767385,0.010991086827584966,7.493339106463097,6.714312799078654e-14,60,65
pts_diff,0.5038110719393237,0.017414577039711363,28.93042252995621,4.94861091651963e-184,59,64
favored_by,0.06514907257572208,0.010278982618860242,6.3380856833228085,2.3263745088881322e-10,59,64
pts_diff,0.5077505380841847,0.017175254787161406,29.562911547823493,4.481757943941165e-192,58,63
favored_by,0.049344434477415405,0.009765517156741812,5.052925890704061,4.3509275334152156e-7,58,63
pts_diff,0.5227601339993503,0.017540009731800366,29.803867956331654,3.480821703338984e-195,57,62
favored_by,0.029476395707098577,0.009835405036927527,2.996968157023321,0.0027267919437544254,57,62
pts_diff,0.5211898787253731,0.017372503401140126,30.000850579264725,9.56590876481724e-198,56,61
favored_by,0.034950607633801145,0.009740783309923564,3.588069513690414,3.331354808554496e-4,56,61
pts_diff,0.5502145416558838,0.018599418550530364,29.582351736484494,2.5205117421767144e-192,55,60
favored_by,0.04243859633896231,0.010146711774105754,4.182497471472968,2.8832422535431998e-5,55,60
pts_diff,0.541389528579818,0.017991217495142663,30.091878369320167,6.188629387023356e-199,54,59
favored_by,0.04592235320344558,0.009772149657514766,4.6993092423765095,2.6104292180945906e-6,54,59
pts_diff,0.5914514427876355,0.02073939887123988,28.51825390213329,6.95713181858068e-179,53,58
favored_by,0.06096606969133219,0.010511975050111345,5.79967792928565,6.644240595000818e-9,53,58
pts_diff,0.6000450467263468,0.02112718862623969,28.401556749538308,1.9345550878178512e-177,52,57
favored_by,0.07007042130974762,0.01071341661759532,6.540436520938292,6.13395291698678e-11,52,57
pts_diff,0.5933960990960924,0.02110777438865322,28.11267963026366,6.856209899921474e-174,51,56
favored_by,0.07348461305988423,0.010831453211645496,6.784372477450842,1.1659216719775242e-11,51,56
pts_diff,0.6046697329844061,0.021368417635563103,28.297356561304955,3.72466708223793e-176,50,55
favored_by,0.06073460987860222,0.010816721110407278,5.614881742690637,1.9669672129798533e-8,50,55
pts_diff,0.5904933065353636,0.02055907864198131,28.721778675897745,2.0400230260755168e-181,49,54
favored_by,0.0608900781449266,0.010685937978347965,5.698150061164789,1.2111442648798189e-8,49,54
pts_diff,0.6100074739794611,0.021409128431801205,28.492868167083042,1.4357756079167745e-178,48,53
favored_by,0.05282573601654711,0.010920768720275262,4.837181096828101,1.3169343391625937e-6,48,53
pts_diff,0.6182572527742487,0.021321789773940572,28.99649885535786,7.283539880058094e-185,47,52
favored_by,0.03013519543632119,0.010585555471040254,2.846822305996548,0.004415800321560352,47,52
pts_diff,0.5971103517240178,0.02040955636843324,29.25641013185117,3.721681612545757e-188,46,51
favored_by,0.019026601761826457,0.010363924715740026,1.8358490903479976,0.06637997882595059,46,51
pts_diff,0.5719791432523086,0.01878550314994052,30.44790116543243,1.2770426847688633e-203,45,50
favored_by,0.01314530895525668,0.009762419354355912,1.3465216436734353,0.17813434508195403,45,50
pts_diff,0.5775391578060939,0.019050536552714676,30.31616228802728,7.0201417008429425e-202,44,49
favored_by,0.018742552672655056,0.009813823308483943,1.9098115060266394,0.05615748729222973,44,49
pts_diff,0.6046503274314021,0.020049626980256672,30.15768463058266,8.505557901345594e-200,43,48
favored_by,0.017712621553877445,0.009624375989765371,1.840391685935085,0.06571075320469202,43,48
pts_diff,0.6306144043983463,0.021491607832669533,29.342355830620786,2.9912106111390186e-189,42,47
favored_by,0.018892974618081086,0.009889088080648211,1.9104870402613188,0.05607053345150339,42,47
pts_diff,0.6132025139100897,0.02012443200477036,30.47055011364963,6.40142539075506e-204,41,46
favored_by,0.027925453431402972,0.009657945733579972,2.8914485752708474,0.003834703443664862,41,46
pts_diff,0.6641563765312464,0.022371180924487023,29.688033849132875,1.0959036047240624e-193,40,45
favored_by,0.02737432582376931,0.01042887016464182,2.6248601614180207,0.008668456042266523,40,45
pts_diff,0.6706100585746606,0.022600674034809455,29.672126483563723,1.7581214290002193e-193,39,44
favored_by,0.04093948970752598,0.010693530369687732,3.828435352236389,1.2896049449239718e-4,39,44
pts_diff,0.7059576055754081,0.023989353472775893,29.427954628979805,2.410955204855419e-190,38,43
favored_by,0.03197163375374267,0.010624926718775105,3.0091156955695713,0.0026200932004674534,38,43
pts_diff,0.6338158197498862,0.020554282089038554,30.836193499937195,8.579196574987487e-209,37,42
favored_by,0.03776256179709109,0.010343216493766233,3.6509495687197746,2.6127254391169124e-4,37,42
pts_diff,0.6426666003674067,0.02056917228159754,31.244164401422037,2.6795787106190035e-214,36,41
favored_by,0.03268997591065485,0.01035921870383331,3.155641061864859,0.0016014580606065118,36,41
pts_diff,0.6615369045941312,0.021728288937075246,30.44588124310804,1.3581365246201665e-203,35,40
favored_by,0.045179209260993745,0.010651312807337165,4.241656411580741,2.218761806733996e-5,35,40
pts_diff,0.6210071341947416,0.01957709390660304,31.72110922884657,7.949866424939735e-221,34,39
favored_by,0.03870218258097278,0.009957145248747884,3.886875365792178,1.0154285617882105e-4,34,39
pts_diff,0.6399368216827914,0.02025661199290393,31.591503154968212,4.830357771443693e-219,33,38
favored_by,0.025515832252046986,0.009809975553055038,2.601008750128924,0.009295008313205904,33,38
pts_diff,0.6222581179641057,0.019026692963267876,32.70448097130756,1.3486953758323373e-234,32,37
favored_by,0.04995296648477428,0.009570141426965283,5.219668577104246,1.792435977928273e-7,32,37
pts_diff,0.6684950430864343,0.020613325937069802,32.43023688303748,1.0290212345549337e-230,31,36
favored_by,0.05843689558528449,0.009699673862075247,6.024624788031987,1.695023837671202e-9,31,36
pts_diff,0.6580395559248898,0.019559106968947918,33.64364011964324,3.862620699656251e-248,30,35
favored_by,0.04775224535990438,0.009021216817724999,5.293326424222526,1.201112446417172e-7,30,35
pts_diff,0.6837592835708228,0.02049862796802849,33.356343880052634,5.894313614333181e-244,29,34
favored_by,0.039638678610645184,0.00909544609212229,4.358079659773573,1.3120863016753785e-5,29,34
pts_diff,0.7361739377508157,0.022691122999532267,32.44325711715504,6.742686940780674e-231,28,33
favored_by,0.01857600311669377,0.009001903475188512,2.0635639082216177,0.03905908255959954,28,33
pts_diff,0.7775759647613308,0.024555804980940815,31.665667868141675,4.615593483037294e-220,27,32
favored_by,0.015837833043640726,0.009067296032566532,1.7466985732854436,0.08068963800462145,27,32
pts_diff,0.8241694239881914,0.026663830776664506,30.9096405123259,8.864262987815973e-210,26,31
favored_by,0.005412391701987333,0.009342483927877517,0.5793311226190092,0.5623657693451951,26,31
pts_diff,0.8317015613363509,0.02654366500098951,31.333335517357764,1.641068865085849e-215,25,30
favored_by,-0.009552301242685796,0.009270459618794953,-1.0304021197955964,0.3028212785667445,25,30
pts_diff,0.8200283222805913,0.02644224039224468,31.012059118905057,3.707451282298569e-211,24,29
favored_by,0.003057562467333106,0.009276900726623707,0.32958878804838676,0.7417106954997446,24,29
pts_diff,0.7659762326210804,0.02367195295412608,32.35796531471092,1.0718887398589205e-229,23,28
favored_by,-0.007676298790098472,0.009150421858493962,-0.8389010811532014,0.40152482106056003,23,28
pts_diff,0.767211881984419,0.023087574847761118,33.2305097890703,3.9041448486877025e-242,22,27
favored_by,0.029923256899583982,0.00877926486185325,3.408401201062222,6.534474311549484e-4,22,27
pts_diff,0.7539698599891166,0.022018550021224235,34.24248459877449,5.642818373638695e-257,21,26
favored_by,0.033160567214116386,0.00867575568738271,3.8222108147123515,1.3226054157172674e-4,21,26
pts_diff,0.7604711212796734,0.022111943961229872,34.391870864590224,3.335735029579629e-259,20,25
favored_by,0.022022777823590245,0.008469322309540464,2.6002998845352923,0.009314232577869834,20,25
pts_diff,0.7918113416939815,0.023073995878913824,34.31617765077173,4.502685858101573e-258,19,24
favored_by,0.013157424538648134,0.008377659880176112,1.5705369669855282,0.11629024121131602,19,24
pts_diff,0.831377621115172,0.024078608183803116,34.527644404065356,3.0870209089299145e-261,18,23
favored_by,0.008691153421043275,0.008620307121312863,1.008218535457426,0.3133495614702637,18,23
pts_diff,0.9119066049328433,0.026839478980075566,33.97631547206271,4.9863420151909647e-253,17,22
favored_by,0.011762629492265293,0.008702880027184369,1.3515789549578383,0.1765100464013458,17,22
pts_diff,0.9311018047584827,0.02680256498627454,34.73927981278267,2.0121308732572726e-264,16,21
favored_by,0.0030285328597036386,0.008907765457805063,0.339987943558843,0.7338656073428229,16,21
pts_diff,0.9635590128220122,0.02696989284769625,35.72720953188061,1.4948182844944879e-279,15,20
favored_by,0.020903646450794382,0.008888876299618913,2.3516635563587007,0.018689671039654014,15,20
pts_diff,0.9520595693751217,0.025991447060385392,36.62972543095509,9.623705849635343e-294,14,19
favored_by,0.022594185156672674,0.008946996785287056,2.525337350498194,0.011558727291288299,14,19
pts_diff,0.9804984971840638,0.02609494504301468,37.57426948276069,0,13,18
favored_by,0.0234314396637401,0.008829180460962533,2.6538634890678936,0.007957601255876781,13,18
pts_diff,0.9832725845598788,0.025721285069867122,38.22797274276928,0,12,17
favored_by,0.02113021035028477,0.00881137209403185,2.3980612922471813,0.016482107019630463,12,17
pts_diff,0.9380243134036486,0.02367608437720965,39.61906447278,0,11,16
favored_by,0.031036151037822167,0.008414542124865473,3.6883945171667145,2.256735475915968e-4,11,16
pts_diff,0.9124764938641251,0.022419176577556793,40.700713994000104,0,10,15
favored_by,0.026826515996316254,0.008217748463338214,3.2644605899045476,0.0010967271922237066,10,15
pts_diff,0.9757600316108096,0.024131628111819726,40.43490257223383,0,9,14
favored_by,-0.0013620208660986082,0.00829756005925003,-0.16414715366600358,0.8696153019533366,9,14
pts_diff,1.0552434045581196,0.026052377606928134,40.50468715291067,0,8,13
favored_by,-0.006408249504219556,0.008488492639828886,-0.7549337410215079,0.4502887394668792,8,13
pts_diff,1.0349228581814882,0.024765694835519818,41.78856539478819,0,7,12
favored_by,0.002845438620362265,0.008302041428574882,0.34273963155236986,0.7317943449145796,7,12
pts_diff,1.0292332542226825,0.02402781587921975,42.83507329156813,0,6,11
favored_by,-0.0035219794066772914,0.007862249457730959,-0.44796078089510694,0.6541815013510881,6,11
pts_diff,1.1016769098045374,0.024974264202150553,44.11248719430425,0,5,10
favored_by,-0.0066268189322009905,0.007713966019377536,-0.859067685228892,0.39030317444072665,5,10
pts_diff,1.1399307278324724,0.03926065296838211,29.034940624917674,2.384238170306673e-185,8,10
favored_by,-0.021988479641365764,0.012497659241590147,-1.7594078392049397,0.07850826138218295,8,10
pts_diff,1.2380558996680873,0.04213972266203565,29.37978281436274,9.955202177890682e-190,7,9
favored_by,-0.01989145512703585,0.01231429432184428,-1.6153142524578508,0.10624265873069239,7,9
pts_diff,1.088503322551199,0.035012762056696,31.088759029881473,3.4174718701421535e-212,6,8
favored_by,-0.0039976447466058655,0.01101599379298883,-0.3628946077611428,0.7166836149580693,6,8
pts_diff,1.0786174839930103,0.032827265650053505,32.85736605330856,8.939893044220898e-237,5,7
favored_by,0.0022006248998450023,0.009863907246653371,0.22309870164195136,0.8234586888309443,5,7
pts_diff,1.1770859928405653,0.037356665588794025,31.509396630775814,6.45871517913184e-218,4,6
favored_by,0.004628437578944196,0.01018265647097864,0.45454126751065427,0.6494392966072982,4,6
pts_diff,1.3332780271002294,0.04352376591990465,30.633333281725136,4.406286504603216e-206,3,5
favored_by,0.030025729846408254,0.010680108637374031,2.8113693283358607,0.004933112410917512,3,5
pts_diff,1.4126439326381437,0.04888771030856494,28.89568612892582,1.3526367332026989e-183,2,4
favored_by,0.019714327005614794,0.010575332907942802,1.8641802747228864,0.06229639243954634,2,4
pts_diff,1.2725508661595724,0.04009264761190231,31.740255182892685,4.3277109212466736e-221,1,3
favored_by,0.020676207814187636,0.00923659366312484,2.238510057742721,0.025187812271834607,1,3
pts_diff,0.9180330894134481,0.018733179385252607,49.00572778031234,0,0,2
favored_by,0.0391492403581928,0.005654113060005446,6.924028568709783,4.389773233297184e-12,0,2
pts_diff,0.8672168118733833,0.018876718823487095,45.94107800103272,0,0,1
favored_by,0.04435436908299397,0.006036084644531486,7.348201971153223,2.0089079330363566e-13,0,1
